round,client_id,participated,num_samples,update_norm_l2,update_norm_l1,update_norm_linf
1,0,1,10,69.4628677368164,172229.53125,0.2305673211812973
1,1,1,34,69.44928741455078,172191.15625,0.2889118790626526
1,10,1,144,69.3426284790039,171921.609375,0.5503462553024292
1,11,1,40,69.4488525390625,172192.75,0.23502297699451447
1,13,1,149,69.36761474609375,171965.578125,0.5158146023750305
1,14,1,8,69.46528625488281,172236.859375,0.23065175116062164
1,15,1,154,69.34760284423828,171917.421875,0.48016929626464844
1,2,1,152,69.33386993408203,171900.109375,0.3485681414604187
1,4,1,117,69.34991455078125,171913.125,0.7869842648506165
1,5,1,121,69.3609619140625,171971.484375,0.26530417799949646
1,6,1,50,69.42945861816406,172134.34375,0.46795761585235596
1,8,1,120,69.38671875,172017.078125,0.39022111892700195
2,0,1,10,69.37600708007812,172015.03125,0.23366035521030426
2,10,1,144,69.29905700683594,171818.328125,0.34078919887542725
2,11,1,40,69.36048889160156,171974.609375,0.23481124639511108
2,12,1,108,69.2967529296875,171796.84375,0.3596668243408203
2,13,1,149,69.28779602050781,171760.78125,0.4598767161369324
2,15,1,154,69.23546600341797,171623.0,0.439317911863327
2,3,1,55,69.33856964111328,171901.171875,0.3902430236339569
2,4,1,117,69.29842376708984,171794.71875,0.35569101572036743
2,6,1,50,69.34808349609375,171926.984375,0.38181471824645996
2,7,1,103,69.30228424072266,171817.359375,0.24337580800056458
2,8,1,120,69.30223083496094,171804.71875,0.30909091234207153
2,9,1,204,69.26690673828125,171696.3125,0.36023861169815063
3,0,1,10,69.2878646850586,171791.640625,0.2397935837507248
3,10,1,144,69.21939849853516,171612.375,0.30320119857788086
3,11,1,40,69.27017211914062,171739.9375,0.24131684005260468
3,12,1,108,69.2172622680664,171587.8125,0.23776061832904816
3,13,1,149,69.2019271850586,171538.640625,0.42838409543037415
3,2,1,152,69.11885070800781,171353.65625,0.24208083748817444
3,3,1,55,69.26077270507812,171705.984375,0.3137078881263733
3,4,1,117,69.18633270263672,171499.859375,0.2815077006816864
3,5,1,121,69.15025329589844,171439.171875,0.2700757682323456
3,6,1,50,69.26559448242188,171724.71875,0.28501030802726746
3,7,1,103,69.2114486694336,171587.765625,0.24411606788635254
3,8,1,120,69.2165756225586,171588.265625,0.25428831577301025
4,0,1,10,69.19709777832031,171561.09375,0.2427695244550705
4,12,1,108,69.1298599243164,171365.3125,0.24585340917110443
4,13,1,149,69.07455444335938,171206.640625,0.39624518156051636
4,14,1,8,69.20242309570312,171573.765625,0.24937941133975983
4,2,1,152,69.07473754882812,171243.8125,0.249710813164711
4,3,1,55,69.16549682617188,171454.828125,0.30342578887939453
4,4,1,117,69.10087585449219,171278.109375,0.2984185516834259
4,5,1,121,69.09934997558594,171310.171875,0.2505188584327698
4,6,1,50,69.18370819091797,171514.125,0.2501194477081299
4,7,1,103,69.1310806274414,171378.78125,0.24432198703289032
4,8,1,120,69.15637969970703,171442.78125,0.24663342535495758
4,9,1,204,69.13162231445312,171361.59375,0.23863501846790314
5,0,1,10,69.1094970703125,171335.234375,0.24769054353237152
5,10,1,144,69.00968933105469,171067.625,0.28688499331474304
5,11,1,40,69.10189056396484,171306.328125,0.24923844635486603
5,12,1,108,69.01997375488281,171072.546875,0.25930118560791016
5,13,1,149,68.98688507080078,170979.546875,0.3889428675174713
5,14,1,8,69.11615753173828,171351.15625,0.24756363034248352
5,15,1,154,69.050537109375,171163.78125,0.33389943838119507
5,2,1,152,68.9461669921875,170909.78125,0.24776308238506317
5,3,1,55,69.078857421875,171231.6875,0.27601149678230286
5,4,1,117,69.04794311523438,171144.296875,0.31229376792907715
5,7,1,103,69.07402801513672,171232.765625,0.24558359384536743
5,8,1,120,69.06622314453125,171209.453125,0.2535916864871979
6,0,1,10,69.02906799316406,171128.515625,0.2445579171180725
6,1,1,34,69.00758361816406,171063.1875,0.252339631319046
6,10,1,144,68.92692565917969,170852.5,0.24841709434986115
6,11,1,40,69.01093292236328,171063.5625,0.2507496476173401
6,13,1,149,68.89996337890625,170756.640625,0.3591289520263672
6,15,1,154,68.907958984375,170773.84375,0.301181823015213
6,2,1,152,68.86587524414062,170699.421875,0.25031575560569763
6,4,1,117,68.96885681152344,170935.90625,0.2637958526611328
6,6,1,50,69.02562713623047,171107.4375,0.2538836896419525
6,7,1,103,68.98887634277344,171011.921875,0.24987199902534485
6,8,1,120,68.95833587646484,170923.734375,0.2609311640262604
6,9,1,204,68.92890930175781,170813.09375,0.3058120012283325
7,0,1,10,68.9405746459961,170893.953125,0.24935205280780792
7,10,1,144,68.80155944824219,170520.40625,0.24755673110485077
7,11,1,40,68.92383575439453,170835.453125,0.2682696580886841
7,13,1,149,68.88965606689453,170739.046875,0.29766976833343506
7,15,1,154,68.89070892333984,170741.359375,0.2564997673034668
7,2,1,152,68.82150268554688,170582.015625,0.2542785108089447
7,3,1,55,68.92503356933594,170831.046875,0.2803100049495697
7,5,1,121,68.8797378540039,170736.015625,0.25947967171669006
7,6,1,50,68.94152069091797,170884.234375,0.2701480984687805
7,7,1,103,68.87654113769531,170712.203125,0.2574580907821655
7,8,1,120,68.87151336669922,170692.234375,0.2596123516559601
7,9,1,204,68.84402465820312,170587.046875,0.319937139749527
8,0,1,10,68.86095428466797,170684.296875,0.255728155374527
8,1,1,34,68.84906768798828,170646.28125,0.2734651565551758
8,10,1,144,68.72644805908203,170320.28125,0.2534385025501251
8,11,1,40,68.84808349609375,170633.90625,0.2837337851524353
8,13,1,149,68.73023986816406,170313.6875,0.31125321984291077
8,14,1,8,68.86695098876953,170701.125,0.25419458746910095
8,15,1,154,68.81515502929688,170539.859375,0.25201839208602905
8,5,1,121,68.80476379394531,170536.203125,0.2690127491950989
8,6,1,50,68.8614730834961,170662.140625,0.29110297560691833
8,7,1,103,68.79532623291016,170500.546875,0.2527581453323364
8,8,1,120,68.7886734008789,170476.84375,0.27443927526474
8,9,1,204,68.73450469970703,170274.890625,0.37046587467193604
9,0,1,10,68.78720092773438,170490.640625,0.26741141080856323
9,1,1,34,68.77808380126953,170455.921875,0.28287965059280396
9,11,1,40,68.78309631347656,170470.78125,0.2790087163448334
9,12,1,108,68.70671081542969,170243.890625,0.28779053688049316
9,13,1,149,68.73347473144531,170327.78125,0.2982351779937744
9,14,1,8,68.79487609863281,170508.21875,0.25529173016548157
9,3,1,55,68.7823715209961,170458.578125,0.29864728450775146
9,4,1,117,68.75802612304688,170384.53125,0.2730399966239929
9,5,1,121,68.6943359375,170246.390625,0.2813911437988281
9,6,1,50,68.79145812988281,170473.796875,0.30145084857940674
9,8,1,120,68.68806457519531,170207.078125,0.31930863857269287
9,9,1,204,68.66547393798828,170086.71875,0.38581812381744385
10,0,1,10,68.73262023925781,170341.765625,0.28188425302505493
10,1,1,34,68.72162628173828,170303.5,0.29075995087623596
10,12,1,108,68.6981201171875,170230.046875,0.27587395906448364
10,13,1,149,68.67520904541016,170172.5625,0.333862841129303
10,14,1,8,68.7364730834961,170350.234375,0.26594987511634827
10,15,1,154,68.61337280273438,169993.921875,0.26761966943740845
10,2,1,152,68.65641021728516,170141.0,0.28246167302131653
10,3,1,55,68.72916412353516,170313.5,0.30270272493362427
10,4,1,117,68.67170715332031,170149.171875,0.28563979268074036
10,5,1,121,68.6391372680664,170097.703125,0.2900213599205017
10,8,1,120,68.63584899902344,170061.609375,0.33635008335113525
10,9,1,204,68.61038208007812,169937.71875,0.37455520033836365
11,0,1,10,68.6601333618164,170146.671875,0.28487899899482727
11,10,1,144,68.5183334350586,169768.0625,0.2855166792869568
11,11,1,40,68.65677642822266,170129.859375,0.2943517565727234
11,14,1,8,68.65599060058594,170138.09375,0.2909850776195526
11,15,1,154,68.57835388183594,169901.65625,0.2949914336204529
11,2,1,152,68.58354187011719,169944.765625,0.2813592553138733
11,3,1,55,68.64323425292969,170080.234375,0.3031729459762573
11,4,1,117,68.60408782958984,169965.609375,0.2786579430103302
11,5,1,121,68.56719970703125,169903.875,0.29327327013015747
11,6,1,50,68.66266632080078,170116.84375,0.32835260033607483
11,7,1,103,68.56287384033203,169877.1875,0.28887632489204407
11,8,1,120,68.55863952636719,169857.90625,0.3370031416416168
12,0,1,10,68.58795928955078,169957.140625,0.294453889131546
12,1,1,34,68.57735443115234,169924.828125,0.31407085061073303
12,12,1,108,68.52762603759766,169770.46875,0.2720910608768463
12,13,1,149,68.44795227050781,169563.5625,0.34491991996765137
12,14,1,8,68.58917999267578,169958.984375,0.292840838432312
12,3,1,55,68.57433319091797,169894.421875,0.30651795864105225
12,4,1,117,68.52926635742188,169767.71875,0.27955207228660583
12,5,1,121,68.45752716064453,169617.1875,0.3053646385669708
12,6,1,50,68.58885955810547,169921.546875,0.33343204855918884
12,7,1,103,68.49459075927734,169693.0,0.2981705963611603
12,8,1,120,68.54196166992188,169821.75,0.32710498571395874
12,9,1,204,68.46320343017578,169549.84375,0.3860577940940857
13,0,1,10,68.51982879638672,169773.5625,0.31307125091552734
13,11,1,40,68.511474609375,169735.171875,0.3223346471786499
13,12,1,108,68.43938446044922,169523.875,0.28207600116729736
13,13,1,149,68.42085266113281,169490.765625,0.34864434599876404
13,14,1,8,68.51793670654297,169769.953125,0.30864638090133667
13,15,1,154,68.4669189453125,169611.140625,0.3127592206001282
13,2,1,152,68.40475463867188,169466.0,0.30112239718437195
13,3,1,55,68.51217651367188,169722.359375,0.31217649579048157
13,4,1,117,68.44934844970703,169533.21875,0.2961488366127014
13,5,1,121,68.39035034179688,169435.21875,0.32378411293029785
13,6,1,50,68.52133178710938,169738.078125,0.3460918068885803
13,9,1,204,68.46892547607422,169590.84375,0.3804914653301239
14,0,1,10,68.45304870605469,169588.015625,0.3246671259403229
14,10,1,144,68.35233306884766,169316.828125,0.3140903115272522
14,11,1,40,68.4412612915039,169538.09375,0.3225298821926117
14,12,1,108,68.40065002441406,169420.375,0.29272496700286865
14,13,1,149,68.3890151977539,169407.125,0.34131377935409546
14,14,1,8,68.45150756835938,169588.390625,0.3164931833744049
14,15,1,154,68.33941650390625,169248.25,0.333035409450531
14,3,1,55,68.43518829345703,169506.765625,0.31975674629211426
14,4,1,117,68.37946319580078,169345.671875,0.2979040741920471
14,5,1,121,68.3271484375,169259.09375,0.3291255831718445
14,7,1,103,68.36481475830078,169338.640625,0.3193223178386688
14,8,1,120,68.4112548828125,169463.265625,0.3533805012702942
15,0,1,10,68.38079833984375,169393.578125,0.330518513917923
15,10,1,144,68.24557495117188,169027.53125,0.32162824273109436
15,11,1,40,68.37002563476562,169353.046875,0.32428082823753357
15,14,1,8,68.37701416015625,169385.09375,0.32670268416404724
15,15,1,154,68.32936096191406,169235.421875,0.3409011960029602
15,2,1,152,68.22765350341797,168984.5625,0.3214397132396698
15,3,1,55,68.36566925048828,169313.859375,0.32379150390625
15,4,1,117,68.31607055664062,169163.25,0.31206485629081726
15,5,1,121,68.3189697265625,169233.140625,0.32473066449165344
15,6,1,50,68.3808822631836,169357.109375,0.3564508259296417
15,7,1,103,68.33736419677734,169270.71875,0.3142375349998474
15,9,1,204,68.29100799560547,169092.296875,0.4184582829475403
16,0,1,10,68.30989837646484,169198.890625,0.3384784758090973
16,10,1,144,68.20870208740234,168925.15625,0.33302849531173706
16,11,1,40,68.3021469116211,169173.09375,0.3300207853317261
16,12,1,108,68.27277374267578,169084.140625,0.32440030574798584
16,13,1,149,68.16624450683594,168801.96875,0.3631778359413147
16,14,1,8,68.30337524414062,169188.890625,0.33594846725463867
16,15,1,154,68.25737762451172,169037.875,0.33546653389930725
16,2,1,152,68.15635681152344,168790.53125,0.3349814713001251
16,4,1,117,68.28924560546875,169110.203125,0.2986932098865509
16,6,1,50,68.3136978149414,169193.359375,0.35476016998291016
16,8,1,120,68.2365493774414,168988.03125,0.3634723126888275
16,9,1,204,68.18794250488281,168790.53125,0.4231635630130768
17,0,1,10,68.24323272705078,169014.703125,0.3435991704463959
17,1,1,34,68.22274017333984,168953.65625,0.360946387052536
17,10,1,144,68.18001556396484,168845.9375,0.34555044770240784
17,11,1,40,68.23532104492188,168990.6875,0.3316885828971863
17,13,1,149,68.1745376586914,168825.140625,0.3599375784397125
17,14,1,8,68.24043273925781,169014.390625,0.3378716707229614
17,15,1,154,68.18872833251953,168853.296875,0.3464626967906952
17,2,1,152,68.09326934814453,168614.734375,0.3512493073940277
17,6,1,50,68.2452392578125,169005.1875,0.36494016647338867
17,7,1,103,68.18087768554688,168835.734375,0.33682870864868164
17,8,1,120,68.14876556396484,168739.640625,0.37814953923225403
17,9,1,204,68.15402221679688,168716.265625,0.41637423634529114
18,1,1,34,68.1581802368164,168779.734375,0.36523696780204773
18,10,1,144,68.11648559570312,168673.34375,0.3526610732078552
18,12,1,108,68.1484146118164,168739.0,0.34705960750579834
18,13,1,149,68.11701965332031,168664.3125,0.3603208065032959
18,14,1,8,68.17840576171875,168845.25,0.347933828830719
18,15,1,154,68.13118743896484,168690.640625,0.3508496880531311
18,2,1,152,68.10857391357422,168652.953125,0.3524114191532135
18,3,1,55,68.16785430908203,168771.828125,0.3547479510307312
18,4,1,117,68.14982604980469,168737.296875,0.326106458902359
18,6,1,50,68.18505096435547,168827.84375,0.38639065623283386
18,7,1,103,68.09524536132812,168597.703125,0.35811370611190796
18,9,1,204,68.12401580810547,168651.8125,0.3996310532093048
19,0,1,10,68.11775207519531,168671.28125,0.3605009913444519
19,1,1,34,68.11246490478516,168654.421875,0.37472933530807495
19,11,1,40,68.11217498779297,168651.625,0.3526667654514313
19,12,1,108,68.08879852294922,168572.5625,0.3415333032608032
19,14,1,8,68.11491394042969,168670.0625,0.35141804814338684
19,15,1,154,68.0628662109375,168507.296875,0.35830822587013245
19,2,1,152,67.97289276123047,168280.515625,0.3575115501880646
19,3,1,55,68.11271667480469,168640.96875,0.34800076484680176
19,4,1,117,68.08802032470703,168567.453125,0.3266686797142029
19,5,1,121,68.02375030517578,168427.09375,0.3614404797554016
19,6,1,50,68.13050079345703,168658.859375,0.3837340772151947
19,9,1,204,68.06294250488281,168484.046875,0.415007084608078
20,1,1,34,68.05464172363281,168484.03125,0.3841140866279602
20,10,1,144,68.00719451904297,168365.53125,0.35945093631744385
20,12,1,108,68.03858947753906,168432.40625,0.35301634669303894
20,14,1,8,68.06767272949219,168536.703125,0.35872915387153625
20,15,1,154,67.952880859375,168191.734375,0.37365683913230896
20,3,1,55,68.06370544433594,168504.328125,0.3558419346809387
20,4,1,117,68.02984619140625,168381.65625,0.3381199240684509
20,5,1,121,67.93865203857422,168198.53125,0.36336883902549744
20,6,1,50,68.07933044433594,168530.09375,0.38538500666618347
20,7,1,103,68.0280532836914,168418.875,0.3501095175743103
20,8,1,120,68.02510070800781,168408.015625,0.3760230541229248
20,9,1,204,67.95604705810547,168147.765625,0.44310253858566284
21,0,1,10,68.00825500488281,168363.796875,0.36241936683654785
21,1,1,34,67.99679565429688,168335.78125,0.3776184022426605
21,11,1,40,68.0010986328125,168340.5625,0.365208238363266
21,12,1,108,67.97506713867188,168257.828125,0.3514881134033203
21,13,1,149,67.9317855834961,168160.265625,0.38129714131355286
21,15,1,154,67.89078521728516,168016.0,0.37573471665382385
21,2,1,152,67.9339370727539,168168.921875,0.37060433626174927
21,3,1,55,68.00520324707031,168321.6875,0.368801474571228
21,4,1,117,67.93912506103516,168126.65625,0.329827219247818
21,6,1,50,68.01512908935547,168363.546875,0.3840397894382477
21,8,1,120,67.91268920898438,168085.953125,0.4010537564754486
21,9,1,204,67.9510269165039,168174.09375,0.405861496925354
22,0,1,10,67.94830322265625,168201.3125,0.3717665672302246
22,1,1,34,67.93822479248047,168171.34375,0.375925749540329
22,11,1,40,67.9429702758789,168176.546875,0.3696792721748352
22,12,1,108,67.91925811767578,168097.734375,0.37794363498687744
22,13,1,149,67.81491088867188,167821.265625,0.39200010895729065
22,14,1,8,67.94361114501953,168188.984375,0.371261864900589
22,15,1,154,67.86237335205078,167941.71875,0.3751027286052704
22,2,1,152,67.84320068359375,167911.984375,0.3734937608242035
22,4,1,117,67.8990478515625,168025.53125,0.36121419072151184
22,5,1,121,67.88423919677734,168033.828125,0.372254878282547
22,8,1,120,67.90559387207031,168072.453125,0.3913153409957886
22,9,1,204,67.8918685913086,168006.765625,0.41268306970596313
23,0,1,10,67.88661193847656,168032.46875,0.37777650356292725
23,1,1,34,67.87537384033203,167992.671875,0.3856198191642761
23,10,1,144,67.82679748535156,167863.375,0.3813500702381134
23,11,1,40,67.88427734375,168014.4375,0.3762040436267853
23,15,1,154,67.80208587646484,167775.875,0.3760378062725067
23,2,1,152,67.74627685546875,167644.28125,0.38028550148010254
23,3,1,55,67.8853759765625,167990.234375,0.38908207416534424
23,5,1,121,67.82611846923828,167871.328125,0.3778088688850403
23,6,1,50,67.90595245361328,168028.109375,0.39520901441574097
23,7,1,103,67.84696197509766,167914.03125,0.3806413412094116
23,8,1,120,67.84347534179688,167902.109375,0.39606428146362305
23,9,1,204,67.83119201660156,167840.203125,0.4099965989589691
24,0,1,10,67.83313751220703,167879.359375,0.3853592574596405
24,1,1,34,67.81250762939453,167814.203125,0.3945609927177429
24,10,1,144,67.76742553710938,167700.640625,0.38473376631736755
24,12,1,108,67.76266479492188,167647.140625,0.3717261850833893
24,13,1,149,67.72968292236328,167590.71875,0.40367138385772705
24,14,1,8,67.8219985961914,167858.46875,0.38677388429641724
24,2,1,152,67.72264099121094,167581.984375,0.3787097632884979
24,3,1,55,67.82942962646484,167848.359375,0.3827834725379944
24,4,1,117,67.80221557617188,167767.3125,0.3705204129219055
24,6,1,50,67.83658599853516,167869.203125,0.4058074653148651
24,8,1,120,67.78630065917969,167745.046875,0.3938857913017273
24,9,1,204,67.77615356445312,167683.53125,0.4187583029270172
25,0,1,10,67.78144073486328,167727.40625,0.38437163829803467
25,1,1,34,67.76187896728516,167674.734375,0.39015448093414307
25,10,1,144,67.64476013183594,167358.796875,0.3883710503578186
25,11,1,40,67.76583862304688,167669.328125,0.37364470958709717
25,13,1,149,67.67959594726562,167444.171875,0.3922100067138672
25,14,1,8,67.76934051513672,167708.953125,0.38706642389297485
25,2,1,152,67.70600891113281,167529.375,0.3937302827835083
25,4,1,117,67.71022033691406,167485.78125,0.3788931667804718
25,6,1,50,67.78488159179688,167719.53125,0.4106460213661194
25,7,1,103,67.73258209228516,167595.421875,0.3735421597957611
25,8,1,120,67.72818756103516,167582.5625,0.4029027819633484
25,9,1,204,67.7161636352539,167518.359375,0.42541342973709106
26,0,1,10,67.71405792236328,167550.21875,0.3958502411842346
26,1,1,34,67.70497131347656,167523.5625,0.3955811560153961
26,10,1,144,67.5887451171875,167198.015625,0.3966006636619568
26,11,1,40,67.71112823486328,167522.046875,0.38766077160835266
26,12,1,108,67.6672134399414,167385.96875,0.3843576908111572
26,14,1,8,67.7105712890625,167543.5,0.38934680819511414
26,15,1,154,67.65959167480469,167384.421875,0.4061553180217743
26,3,1,55,67.7175521850586,167503.3125,0.3906949460506439
26,4,1,117,67.68392181396484,167440.828125,0.3779814541339874
26,6,1,50,67.72435760498047,167551.96875,0.41466405987739563
26,7,1,103,67.67131042480469,167427.046875,0.3852147161960602
26,9,1,204,67.60356903076172,167165.0,0.41866305470466614
27,1,1,34,67.65714263916016,167383.546875,0.4121159613132477
27,10,1,144,67.56912231445312,167143.0,0.40569478273391724
27,11,1,40,67.66000366210938,167374.828125,0.3848325312137604
27,12,1,108,67.63075256347656,167294.40625,0.3921976685523987
27,14,1,8,67.65958404541016,167399.28125,0.3889707624912262
27,2,1,152,67.52812957763672,167027.65625,0.3935806453227997
27,3,1,55,67.66483306884766,167383.484375,0.38428089022636414
27,4,1,117,67.63671112060547,167301.109375,0.37049055099487305
27,5,1,121,67.5994644165039,167238.921875,0.391353040933609
27,6,1,50,67.67816925048828,167416.515625,0.40392473340034485
27,7,1,103,67.62186431884766,167283.9375,0.38415151834487915
27,9,1,204,67.55463409423828,167022.953125,0.43559756875038147
28,0,1,10,67.61491394042969,167266.984375,0.39598792791366577
28,1,1,34,67.59650421142578,167204.921875,0.41067057847976685
28,11,1,40,67.60973358154297,167243.0,0.39070868492126465
28,12,1,108,67.56300354003906,167091.015625,0.40515127778053284
28,13,1,149,67.5472412109375,167077.703125,0.41005778312683105
28,15,1,154,67.55674743652344,167093.140625,0.4071306586265564
28,2,1,152,67.54171752929688,167067.859375,0.3983197808265686
28,3,1,55,67.6141357421875,167240.953125,0.39728525280952454
28,4,1,117,67.58831787109375,167157.921875,0.40036824345588684
28,5,1,121,67.55077362060547,167099.640625,0.3854292929172516
28,7,1,103,67.5343017578125,167022.890625,0.40467992424964905
28,8,1,120,67.52986145019531,167004.078125,0.4203126132488251
29,0,1,10,67.5665512084961,167120.59375,0.4213794469833374
29,1,1,34,67.54765319824219,167078.15625,0.4000827372074127
29,10,1,144,67.49565887451172,166936.09375,0.40218326449394226
29,12,1,108,67.52503967285156,166995.40625,0.39829275012016296
29,13,1,149,67.45974731445312,166831.75,0.4089813530445099
29,14,1,8,67.55045318603516,167096.15625,0.3940655589103699
29,15,1,154,67.43524932861328,166749.28125,0.4048771560192108
29,2,1,152,67.49065399169922,166923.0625,0.3865140974521637
29,5,1,121,67.49427795410156,166942.71875,0.39304667711257935
29,6,1,50,67.58528137207031,167117.65625,0.43327590823173523
29,7,1,103,67.48143768310547,166875.8125,0.3980957865715027
29,9,1,204,67.47564697265625,166816.8125,0.4357573091983795
30,0,1,10,67.49407196044922,166932.53125,0.40013429522514343
30,1,1,34,67.4848861694336,166903.625,0.4043309986591339
30,10,1,144,67.39926147460938,166667.109375,0.4106857478618622
30,11,1,40,67.48948669433594,166907.84375,0.39790529012680054
30,12,1,108,67.44627380371094,166765.21875,0.4012531638145447
30,15,1,154,67.43612670898438,166759.84375,0.4037575125694275
30,2,1,152,67.42581176757812,166742.484375,0.4018402695655823
30,3,1,55,67.49246215820312,166902.515625,0.4109407365322113
30,4,1,117,67.46011352539062,166812.953125,0.3940718173980713
30,5,1,121,67.36588287353516,166594.265625,0.3964991271495819
30,8,1,120,67.4269027709961,166729.890625,0.4225653111934662
30,9,1,204,67.43936157226562,166739.859375,0.4174039959907532
31,0,1,10,67.4368896484375,166771.296875,0.40538716316223145
31,1,1,34,67.42676544189453,166741.640625,0.40278831124305725
31,10,1,144,67.37169647216797,166593.578125,0.4094032347202301
31,12,1,108,67.40689086914062,166665.71875,0.405111163854599
31,13,1,149,67.3089828491211,166402.09375,0.4236605763435364
31,14,1,8,67.426025390625,166751.046875,0.3980756103992462
31,2,1,152,67.36650085449219,166579.296875,0.4079957604408264
31,3,1,55,67.43904876708984,166750.421875,0.4041043221950531
31,5,1,121,67.307373046875,166431.578125,0.4021741449832916
31,7,1,103,67.37689208984375,166590.671875,0.4033750891685486
31,8,1,120,67.39109802246094,166636.8125,0.4202255606651306
31,9,1,204,67.3533706665039,166483.125,0.4286898672580719
32,1,1,34,67.36780548095703,166579.140625,0.4106878340244293
32,10,1,144,67.28665161132812,166353.53125,0.40898531675338745
32,12,1,108,67.31388092041016,166386.9375,0.4119568467140198
32,13,1,149,67.31388092041016,166426.78125,0.41438984870910645
32,15,1,154,67.28588104248047,166339.71875,0.4342203438282013
32,2,1,152,67.31214141845703,166424.78125,0.4125393331050873
32,3,1,55,67.38228607177734,166564.28125,0.4010884463787079
32,4,1,117,67.31543731689453,166379.390625,0.4226890802383423
32,5,1,121,67.28063201904297,166355.859375,0.40605106949806213
32,6,1,50,67.39698028564453,166614.75,0.434785932302475
32,8,1,120,67.31668090820312,166420.203125,0.43121352791786194
32,9,1,204,67.32368469238281,166420.671875,0.4233464300632477
33,0,1,10,67.30240631103516,166399.109375,0.4128956198692322
33,1,1,34,67.29488372802734,166373.921875,0.40500980615615845
33,10,1,144,67.24329376220703,166229.8125,0.4109637141227722
33,12,1,108,67.27143096923828,166289.46875,0.4202446937561035
33,13,1,149,67.2114028930664,166131.84375,0.42824631929397583
33,14,1,8,67.293701171875,166379.03125,0.41495591402053833
33,2,1,152,67.17684936523438,166035.9375,0.42932653427124023
33,3,1,55,67.31004333496094,166357.578125,0.42428550124168396
33,4,1,117,67.26911163330078,166248.640625,0.39049890637397766
33,5,1,121,67.2095947265625,166153.515625,0.41089004278182983
33,6,1,50,67.31819915771484,166408.9375,0.41383227705955505
33,9,1,204,67.22173309326172,166113.5,0.44466859102249146
34,0,1,10,67.24516296386719,166235.515625,0.42159736156463623
34,1,1,34,67.22968292236328,166181.109375,0.41656965017318726
34,10,1,144,67.12681579589844,165895.28125,0.4287942051887512
34,12,1,108,67.20242309570312,166078.46875,0.4189855754375458
34,13,1,149,67.15343475341797,165967.671875,0.43058061599731445
34,14,1,8,67.2381820678711,166220.0625,0.40805456042289734
34,15,1,154,67.1576919555664,165976.921875,0.4518113434314728
34,2,1,152,67.11697387695312,165871.859375,0.4348074197769165
34,4,1,117,67.19758605957031,166064.59375,0.4272151589393616
34,5,1,121,67.18345642089844,166074.796875,0.411197692155838
34,7,1,103,67.20689392089844,166118.796875,0.4204525649547577
34,8,1,120,67.18492126464844,166047.625,0.4164510667324066
35,1,1,34,67.15872192382812,165985.25,0.41860097646713257
35,10,1,144,67.11334228515625,165869.09375,0.41689765453338623
35,12,1,108,67.12818908691406,165876.25,0.4353809356689453
35,13,1,149,67.08051300048828,165769.546875,0.4409715235233307
35,14,1,8,67.16861724853516,166027.796875,0.4197235703468323
35,15,1,154,67.07801818847656,165766.21875,0.42947524785995483
35,2,1,152,67.07683563232422,165766.234375,0.4320492446422577
35,4,1,117,67.14065551757812,165923.15625,0.4189721941947937
35,5,1,121,67.07481384277344,165783.140625,0.41201314330101013
35,6,1,50,67.19012451171875,166050.875,0.44534143805503845
35,8,1,120,67.13473510742188,165917.765625,0.42633190751075745
35,9,1,204,67.0726089477539,165671.625,0.4563845098018646
36,1,1,34,67.08721923828125,165792.484375,0.4387742280960083
36,10,1,144,67.01466369628906,165588.34375,0.422014445066452
36,12,1,108,67.05535125732422,165675.84375,0.4302788972854614
36,14,1,8,67.09485626220703,165823.171875,0.42521634697914124
36,15,1,154,67.04066467285156,165662.84375,0.46517834067344666
36,2,1,152,67.00384521484375,165562.3125,0.4469560384750366
36,3,1,55,67.10720825195312,165823.578125,0.41455504298210144
36,4,1,117,67.05801391601562,165672.828125,0.42914238572120667
36,5,1,121,67.03849029541016,165674.109375,0.42208585143089294
36,7,1,103,67.05982208251953,165716.09375,0.42129671573638916
36,8,1,120,67.02899932861328,165598.171875,0.44138139486312866
36,9,1,204,67.05714416503906,165666.09375,0.4439362585544586
37,1,1,34,67.02180480957031,165608.953125,0.42240259051322937
37,10,1,144,66.94682312011719,165399.984375,0.44750893115997314
37,11,1,40,67.03189849853516,165619.546875,0.4340018630027771
37,12,1,108,66.98949432373047,165490.71875,0.43712350726127625
37,13,1,149,66.94065856933594,165379.0,0.44492480158805847
37,15,1,154,66.97401428222656,165474.859375,0.45470595359802246
37,2,1,152,66.97219848632812,165474.046875,0.44452252984046936
37,3,1,55,67.04257202148438,165627.0625,0.4339730739593506
37,4,1,117,67.00908660888672,165546.734375,0.43581295013427734
37,6,1,50,67.05464172363281,165669.140625,0.44739609956741333
37,7,1,103,66.96289825439453,165425.78125,0.42320314049720764
37,8,1,120,66.99853515625,165536.046875,0.43387243151664734
38,0,1,10,66.98515319824219,165498.546875,0.44943034648895264
38,10,1,144,66.89469909667969,165244.421875,0.44533640146255493
38,11,1,40,66.971435546875,165451.140625,0.44190987944602966
38,13,1,149,66.91844177246094,165313.9375,0.45431095361709595
38,14,1,8,66.96958923339844,165470.890625,0.4378877580165863
38,2,1,152,66.8857650756836,165222.765625,0.4510411024093628
38,3,1,55,66.98373413085938,165474.21875,0.4405743479728699
38,4,1,117,66.93436431884766,165324.34375,0.4620298147201538
38,5,1,121,66.91184997558594,165315.734375,0.4341026544570923
38,6,1,50,67.01268768310547,165510.515625,0.4602676033973694
38,7,1,103,66.93720245361328,165367.34375,0.4218350052833557
38,8,1,120,66.92190551757812,165307.9375,0.4421841502189636
39,0,1,10,66.92759704589844,165343.203125,0.4439864158630371
39,10,1,144,66.84278869628906,165098.890625,0.44376856088638306
39,11,1,40,66.92668914794922,165315.984375,0.46145254373550415
39,13,1,149,66.86520385742188,165163.6875,0.43294137716293335
39,15,1,154,66.86756896972656,165167.875,0.4693666696548462
39,2,1,152,66.86405181884766,165163.046875,0.45268869400024414
39,3,1,55,66.93592071533203,165319.515625,0.444640189409256
39,5,1,121,66.79917907714844,165006.390625,0.4335649907588959
39,6,1,50,66.94319152832031,165353.9375,0.4451017379760742
39,7,1,103,66.87466430664062,165176.28125,0.42982545495033264
39,8,1,120,66.8734130859375,165167.40625,0.44165027141571045
39,9,1,204,66.85662841796875,165079.515625,0.4608467221260071
40,0,1,10,66.86763763427734,165168.625,0.44699826836586
40,1,1,34,66.85389709472656,165134.1875,0.4465542137622833
40,10,1,144,66.78092193603516,164921.390625,0.4617515504360199
40,11,1,40,66.85667419433594,165135.3125,0.4474985599517822
40,12,1,108,66.83268737792969,165055.8125,0.43485885858535767
40,14,1,8,66.85173797607422,165141.109375,0.45737025141716003
40,2,1,152,66.77604675292969,164905.5625,0.4578765034675598
40,3,1,55,66.87003326416016,165152.328125,0.4387088418006897
40,4,1,117,66.85308837890625,165017.171875,0.5351715087890625
40,5,1,121,66.79845428466797,164993.828125,0.4392063319683075
40,7,1,103,66.8057861328125,164987.390625,0.4447465240955353
40,9,1,204,66.79761505126953,164903.609375,0.47864314913749695
41,10,1,144,66.7639389038086,164868.140625,0.46344423294067383
41,12,1,108,66.75237274169922,164802.515625,0.46575403213500977
41,13,1,149,66.75523376464844,164848.5625,0.4724993109703064
41,14,1,8,66.8115234375,165010.265625,0.455868661403656
41,15,1,154,66.7534408569336,164845.28125,0.4829172194004059
41,2,1,152,66.75021362304688,164841.375,0.45909377932548523
41,3,1,55,66.82335662841797,164985.75,0.45304131507873535
41,4,1,117,66.78527069091797,164911.40625,0.4560285210609436
41,5,1,121,66.7196273803711,164771.8125,0.4433262348175049
41,6,1,50,66.84154510498047,165042.4375,0.46065986156463623
41,7,1,103,66.7646484375,164859.765625,0.4368039667606354
41,8,1,120,66.76287078857422,164850.3125,0.46278896927833557
42,0,1,10,66.75183868408203,164842.296875,0.47484344244003296
42,1,1,34,66.73890686035156,164807.109375,0.46850430965423584
42,10,1,144,66.69408416748047,164677.34375,0.46377742290496826
42,11,1,40,66.76068878173828,164821.390625,0.48166704177856445
42,12,1,108,66.7204818725586,164731.28125,0.4549901485443115
42,2,1,152,66.63177490234375,164495.5,0.46320486068725586
42,3,1,55,66.75762939453125,164828.40625,0.45414870977401733
42,5,1,121,66.65380096435547,164586.828125,0.456917405128479
42,6,1,50,66.77896881103516,164863.375,0.4674259126186371
42,7,1,103,66.70083618164062,164677.265625,0.45160365104675293
42,8,1,120,66.70018005371094,164669.65625,0.469952791929245
42,9,1,204,66.70851135253906,164674.59375,0.4695413112640381
43,1,1,34,66.68524932861328,164637.0625,0.4759123921394348
43,11,1,40,66.69960021972656,164673.5,0.47453317046165466
43,12,1,108,66.63935852050781,164475.0,0.4659585952758789
43,13,1,149,66.63764953613281,164511.453125,0.4795728921890259
43,15,1,154,66.5740966796875,164329.15625,0.4897836446762085
43,2,1,152,66.63753509521484,164513.3125,0.4879951477050781
43,4,1,117,66.65631103515625,164525.90625,0.4795437157154083
43,5,1,121,66.60383605957031,164438.96875,0.46353673934936523
43,6,1,50,66.73493194580078,164725.875,0.4602435529232025
43,7,1,103,66.64550018310547,164521.375,0.46065807342529297
43,8,1,120,66.66419982910156,164576.15625,0.46084022521972656
43,9,1,204,66.65030670166016,164506.90625,0.4750715494155884
44,0,1,10,66.6373291015625,164504.40625,0.4845336079597473
44,10,1,144,66.57765197753906,164340.359375,0.47992292046546936
44,12,1,108,66.60314178466797,164390.765625,0.4735802412033081
44,13,1,149,66.56938171386719,164319.0,0.48142775893211365
44,14,1,8,66.6288070678711,164487.421875,0.4741230607032776
44,2,1,152,66.54308319091797,164238.328125,0.48871973156929016
44,3,1,55,66.6415786743164,164478.546875,0.4697107970714569
44,4,1,117,66.6109619140625,164373.578125,0.4710322618484497
44,5,1,121,66.54190063476562,164255.890625,0.4819186329841614
44,6,1,50,66.66730499267578,164535.484375,0.4671342968940735
44,7,1,103,66.60044860839844,164395.625,0.46112149953842163
44,9,1,204,66.55172729492188,164167.625,0.5010178685188293
45,0,1,10,66.56986236572266,164319.0625,0.4819641709327698
45,1,1,34,66.56119537353516,164285.671875,0.4824351966381073
45,10,1,144,66.46481323242188,164008.21875,0.49402478337287903
45,11,1,40,66.57234954833984,164309.15625,0.475924551486969
45,12,1,108,66.54397583007812,164219.3125,0.4881621301174164
45,13,1,149,66.45197296142578,163972.890625,0.5071268081665039
45,14,1,8,66.56153869628906,164298.28125,0.49462103843688965
45,15,1,154,66.45264434814453,163972.921875,0.4951218068599701
45,2,1,152,66.48235321044922,164061.4375,0.4947237968444824
45,4,1,117,66.55750274658203,164210.1875,0.501076340675354
45,5,1,121,66.4793472290039,164079.1875,0.47699931263923645
45,8,1,120,66.50503540039062,164099.15625,0.4797791540622711
46,1,1,34,66.49574279785156,164099.625,0.48436257243156433
46,10,1,144,66.45125579833984,163979.0625,0.4897737503051758
46,11,1,40,66.50493621826172,164118.609375,0.48436254262924194
46,12,1,108,66.45328521728516,163934.03125,0.4821634590625763
46,15,1,154,66.41267395019531,163869.546875,0.4981938898563385
46,2,1,152,66.4171142578125,163879.25,0.5011330842971802
46,3,1,55,66.51620483398438,164116.8125,0.4934476315975189
46,5,1,121,66.44512939453125,163977.1875,0.4858234226703644
46,6,1,50,66.53215026855469,164167.953125,0.4922001361846924
46,7,1,103,66.44391632080078,163930.5625,0.4611651599407196
46,8,1,120,66.4742202758789,164029.875,0.4947294592857361
46,9,1,204,66.42488861083984,163809.0,0.5220582485198975
47,1,1,34,66.43640899658203,163927.875,0.47981804609298706
47,12,1,108,66.39179992675781,163759.875,0.496721088886261
47,13,1,149,66.32374572753906,163611.0,0.4967052936553955
47,14,1,8,66.43756866455078,163945.671875,0.4957945942878723
47,15,1,154,66.39012145996094,163798.078125,0.5273104906082153
47,2,1,152,66.35848236083984,163706.828125,0.5024006962776184
47,3,1,55,66.45560455322266,163945.015625,0.4799071252346039
47,4,1,117,66.41653442382812,163856.203125,0.4915914535522461
47,5,1,121,66.3848648071289,163801.625,0.4841945469379425
47,7,1,103,66.41202545166016,163854.75,0.4912559390068054
47,8,1,120,66.38308715820312,163743.96875,0.4974280893802643
47,9,1,204,66.40177154541016,163793.796875,0.4985616207122803
48,0,1,10,66.38196563720703,163778.96875,0.4993552267551422
48,1,1,34,66.3689956665039,163736.78125,0.4746279716491699
48,10,1,144,66.2746810913086,163463.59375,0.5037604570388794
48,11,1,40,66.39251708984375,163764.75,0.49201643466949463
48,12,1,108,66.32760620117188,163575.703125,0.49933499097824097
48,13,1,149,66.29554748535156,163525.875,0.508755087852478
48,14,1,8,66.3726577758789,163762.5,0.49358561635017395
48,15,1,154,66.25920867919922,163424.828125,0.5117009282112122
48,3,1,55,66.38681030273438,163765.21875,0.49217385053634644
48,4,1,117,66.34703826904297,163662.390625,0.4832201302051544
48,6,1,50,66.39722442626953,163790.953125,0.489799827337265
48,9,1,204,66.339111328125,163612.703125,0.512506902217865
49,0,1,10,66.33531951904297,163637.546875,0.5143918395042419
49,1,1,34,66.32496643066406,163599.953125,0.4993745684623718
49,10,1,144,66.2313461303711,163330.09375,0.5198253393173218
49,11,1,40,66.34815979003906,163628.625,0.5148972868919373
49,13,1,149,66.27659606933594,163466.828125,0.5005791783332825
49,15,1,154,66.2430191040039,163371.859375,0.5256931781768799
49,2,1,152,66.26814270019531,163453.546875,0.5101162791252136
49,3,1,55,66.33946228027344,163624.15625,0.4880821108818054
49,4,1,117,66.29562377929688,163443.734375,0.49778562784194946
49,6,1,50,66.38343048095703,163685.890625,0.513039767742157
49,7,1,103,66.3015365600586,163533.09375,0.4749968647956848
49,9,1,204,66.26243591308594,163324.078125,0.5489745736122131
50,0,1,10,66.26822662353516,163454.53125,0.5068069100379944
50,10,1,144,66.2617416381836,163430.40625,0.5084770321846008
50,12,1,108,66.26526641845703,163443.28125,0.5064634680747986
50,14,1,8,66.26644134521484,163450.734375,0.5124488472938538
50,2,1,152,66.26530456542969,163442.75,0.5085474848747253
50,3,1,55,66.27083587646484,163454.8125,0.505174994468689
50,4,1,117,66.26486206054688,163442.625,0.4936438500881195
50,5,1,121,66.25690460205078,163423.3125,0.49796372652053833
50,6,1,50,66.2730941772461,163462.046875,0.5079071521759033
50,7,1,103,66.26519012451172,163444.234375,0.5022209882736206
50,8,1,120,66.26237487792969,163434.3125,0.5063620805740356
50,9,1,204,66.26180267333984,163425.4375,0.5075840950012207
51,0,1,10,66.26598358154297,163444.640625,0.5063600540161133
51,1,1,34,66.26502990722656,163441.828125,0.5060824155807495
51,10,1,144,66.26158905029297,163427.484375,0.5073711276054382
51,11,1,40,66.26472473144531,163440.625,0.5065761804580688
51,14,1,8,66.26686096191406,163445.546875,0.5112538933753967
51,15,1,154,66.26392364501953,163434.40625,0.5135887265205383
51,2,1,152,66.2560043334961,163414.109375,0.5090140700340271
51,3,1,55,66.26702117919922,163444.296875,0.5058990120887756
51,4,1,117,66.25721740722656,163417.796875,0.5022372603416443
51,6,1,50,66.2706069946289,163451.78125,0.5007480978965759
51,8,1,120,66.25889587402344,163422.0625,0.5052133202552795
51,9,1,204,66.2572250366211,163411.203125,0.50981205701828
52,0,1,10,66.26372528076172,163435.65625,0.5067888498306274
52,10,1,144,66.26136016845703,163425.359375,0.5088292360305786
52,12,1,108,66.25684356689453,163415.09375,0.5075171589851379
52,13,1,149,66.25247955322266,163402.234375,0.5097652673721313
52,14,1,8,66.26334381103516,163434.6875,0.5113130807876587
52,2,1,152,66.25928497314453,163421.421875,0.5078049898147583
52,3,1,55,66.26445007324219,163432.453125,0.5018230676651001
52,4,1,117,66.25838470458984,163420.0,0.5047099590301514
52,5,1,121,66.25818634033203,163420.546875,0.5004658699035645
52,6,1,50,66.26754760742188,163438.734375,0.5005127787590027
52,8,1,120,66.25555419921875,163410.953125,0.5078025460243225
52,9,1,204,66.25516510009766,163407.359375,0.5037308931350708
53,1,1,34,66.25787353515625,163418.203125,0.504628598690033
53,10,1,144,66.25016784667969,163392.96875,0.5066652894020081
53,11,1,40,66.256591796875,163414.15625,0.5057529211044312
53,14,1,8,66.25965118408203,163421.859375,0.5112017393112183
53,15,1,154,66.24742126464844,163387.015625,0.5192856192588806
53,3,1,55,66.2605209350586,163421.75,0.5023936033248901
53,4,1,117,66.25355529785156,163405.3125,0.5053569674491882
53,5,1,121,66.24811553955078,163390.765625,0.5012190937995911
53,6,1,50,66.26148986816406,163422.171875,0.5024473667144775
53,7,1,103,66.25048065185547,163396.578125,0.5016595125198364
53,8,1,120,66.25318145751953,163403.1875,0.5069267153739929
53,9,1,204,66.25375366210938,163402.890625,0.5062314867973328
54,0,1,10,66.25403594970703,163406.609375,0.503773033618927
54,10,1,144,66.24771118164062,163385.9375,0.5086573362350464
54,11,1,40,66.25159454345703,163398.359375,0.5032705068588257
54,12,1,108,66.24871063232422,163391.390625,0.5068536996841431
54,14,1,8,66.25479125976562,163407.203125,0.5117537975311279
54,15,1,154,66.2420883178711,163371.5625,0.5170605182647705
54,3,1,55,66.25438690185547,163405.1875,0.5003817677497864
54,4,1,117,66.24040222167969,163370.8125,0.5068694353103638
54,6,1,50,66.2566909790039,163407.984375,0.5060266852378845
54,7,1,103,66.24641418457031,163385.71875,0.4991334080696106
54,8,1,120,66.24976348876953,163393.90625,0.5087168216705322
54,9,1,204,66.24136352539062,163365.953125,0.5107904672622681
55,0,1,10,66.24911499023438,163391.5,0.5075387358665466
55,10,1,144,66.2392578125,163361.359375,0.5113188624382019
55,11,1,40,66.24630737304688,163385.015625,0.5036600232124329
55,14,1,8,66.24895477294922,163390.875,0.5104338526725769
55,15,1,154,66.236572265625,163355.578125,0.516047477722168
55,2,1,152,66.24201202392578,163372.71875,0.5065474510192871
55,3,1,55,66.24871826171875,163386.328125,0.5018665194511414
55,4,1,117,66.2369155883789,163358.734375,0.5003868937492371
55,5,1,121,66.2369384765625,163359.03125,0.5017896294593811
55,7,1,103,66.24345397949219,163376.671875,0.5015966296195984
55,8,1,120,66.23884582519531,163363.5,0.5036474466323853
55,9,1,204,66.23918151855469,163360.671875,0.5077296495437622
56,0,1,10,66.24072265625,163369.609375,0.506797730922699
56,1,1,34,66.23930358886719,163365.90625,0.5070428252220154
56,12,1,108,66.23052978515625,163340.546875,0.5017818808555603
56,13,1,149,66.22769927978516,163333.375,0.511498749256134
56,15,1,154,66.22882080078125,163335.1875,0.5159187316894531
56,3,1,55,66.24164581298828,163366.953125,0.5006998181343079
56,4,1,117,66.22937774658203,163338.875,0.5019574165344238
56,5,1,121,66.2322769165039,163346.6875,0.4982498586177826
56,6,1,50,66.24224853515625,163371.265625,0.503715991973877
56,7,1,103,66.23217010498047,163345.359375,0.5002014636993408
56,8,1,120,66.23443603515625,163351.0625,0.506917417049408
56,9,1,204,66.2283935546875,163330.09375,0.5085558295249939
57,0,1,10,66.23448181152344,163351.703125,0.5049957633018494
57,1,1,34,66.23207092285156,163344.71875,0.5076937675476074
57,10,1,144,66.22734069824219,163329.921875,0.5051701664924622
57,12,1,108,66.22360229492188,163321.984375,0.5040501952171326
57,14,1,8,66.23423767089844,163350.671875,0.5110265612602234
57,15,1,154,66.22586822509766,163326.546875,0.5138789415359497
57,2,1,152,66.2196273803711,163312.109375,0.5070182085037231
57,3,1,55,66.23348999023438,163345.734375,0.49979689717292786
57,4,1,117,66.22479248046875,163326.34375,0.5027742981910706
57,5,1,121,66.22880554199219,163336.8125,0.4977608621120453
57,6,1,50,66.23477935791016,163348.734375,0.5014959573745728
57,7,1,103,66.22626495361328,163330.28125,0.5004175901412964
58,0,1,10,66.2287368774414,163335.28125,0.5053915977478027
58,10,1,144,66.21813201904297,163304.421875,0.5050983428955078
58,11,1,40,66.2245864868164,163324.515625,0.5050920248031616
58,12,1,108,66.2173080444336,163304.9375,0.503110408782959
58,13,1,149,66.21358489990234,163295.203125,0.5125957727432251
58,14,1,8,66.22772979736328,163333.109375,0.5096502900123596
58,15,1,154,66.21884155273438,163307.921875,0.5154833197593689
58,2,1,152,66.21359252929688,163295.40625,0.5090091228485107
58,4,1,117,66.22097778320312,163316.40625,0.5007352232933044
58,7,1,103,66.21798706054688,163307.578125,0.5027688145637512
58,8,1,120,66.22288513183594,163320.25,0.5048827528953552
58,9,1,204,66.21720123291016,163302.0,0.5073378682136536
59,0,1,10,66.2198257446289,163311.375,0.5053674578666687
59,1,1,34,66.21632385253906,163302.484375,0.5049131512641907
59,10,1,144,66.20902252197266,163280.0,0.5062983632087708
59,13,1,149,66.208740234375,163282.4375,0.5107952356338501
59,14,1,8,66.21971893310547,163311.25,0.5094650387763977
59,15,1,154,66.21432495117188,163295.8125,0.5136550664901733
59,2,1,152,66.20881652832031,163282.828125,0.5085550546646118
59,3,1,55,66.21900939941406,163308.546875,0.5045908689498901
59,5,1,121,66.2105712890625,163287.75,0.4970148801803589
59,7,1,103,66.2135009765625,163296.125,0.5012091994285583
59,8,1,120,66.21250915527344,163291.265625,0.5049049258232117
59,9,1,204,66.20513916015625,163268.328125,0.5107008218765259
60,0,1,10,66.21308898925781,163292.8125,0.5083866119384766
60,10,1,144,66.20157623291016,163260.421875,0.5087209343910217
60,12,1,108,66.20354461669922,163268.453125,0.5036904215812683
60,13,1,149,66.20074462890625,163261.3125,0.5095876455307007
60,15,1,154,66.19830322265625,163253.578125,0.5114602446556091
60,3,1,55,66.21123504638672,163285.828125,0.49648812413215637
60,4,1,117,66.20368194580078,163268.796875,0.49757587909698486
60,5,1,121,66.20005798339844,163259.328125,0.4995269179344177
60,6,1,50,66.2131576538086,163292.625,0.5011231899261475
60,7,1,103,66.20420837402344,163270.609375,0.5018999576568604
60,8,1,120,66.20266723632812,163265.328125,0.5021077394485474
60,9,1,204,66.19689178466797,163247.296875,0.5066734552383423
61,0,1,10,66.20355987548828,163268.046875,0.5040868520736694
61,1,1,34,66.20114135742188,163262.625,0.5048718452453613
61,11,1,40,66.19898986816406,163257.53125,0.5022784471511841
61,12,1,108,66.19482421875,163244.703125,0.5013871788978577
61,13,1,149,66.19670104980469,163249.8125,0.506140947341919
61,14,1,8,66.20287322998047,163266.34375,0.5061759352684021
61,15,1,154,66.18919372558594,163229.3125,0.5120363831520081
61,2,1,152,66.18828582763672,163228.125,0.5057419538497925
61,4,1,117,66.19160461425781,163236.375,0.501549482345581
61,7,1,103,66.19297790527344,163240.0625,0.5006906986236572
61,8,1,120,66.19288635253906,163239.65625,0.5048396587371826
61,9,1,204,66.18782043457031,163222.9375,0.5080329179763794
62,1,1,34,66.19327545166016,163239.859375,0.5047854781150818
62,10,1,144,66.18773651123047,163223.9375,0.5057181119918823
62,12,1,108,66.18946838378906,163230.890625,0.5004041194915771
62,15,1,154,66.18509674072266,163218.328125,0.5134319067001343
62,2,1,152,66.18428802490234,163217.1875,0.5056878924369812
62,3,1,55,66.19366455078125,163239.375,0.4975990951061249
62,4,1,117,66.18632507324219,163225.53125,0.49463048577308655
62,5,1,121,66.18553161621094,163220.671875,0.49790215492248535
62,6,1,50,66.19491577148438,163242.375,0.501899778842926
62,7,1,103,66.1837158203125,163216.640625,0.49526554346084595
62,8,1,120,66.18486785888672,163217.90625,0.5001049041748047
62,9,1,204,66.18047332763672,163202.984375,0.5070246458053589
63,0,1,10,66.18597412109375,163221.9375,0.5045753717422485
63,1,1,34,66.18444061279297,163217.171875,0.504144549369812
63,11,1,40,66.18256378173828,163214.703125,0.49950751662254333
63,12,1,108,66.17578887939453,163193.6875,0.50146484375
63,13,1,149,66.17191314697266,163184.109375,0.5065361261367798
63,14,1,8,66.18526458740234,163220.59375,0.5051751136779785
63,15,1,154,66.17218017578125,163184.390625,0.5117456912994385
63,3,1,55,66.18526458740234,163219.015625,0.5003135204315186
63,4,1,117,66.17608642578125,163196.453125,0.49987831711769104
63,5,1,121,66.17284393310547,163187.734375,0.49774304032325745
63,6,1,50,66.18585968017578,163218.546875,0.49949023127555847
63,9,1,204,66.1749038696289,163189.3125,0.5091457366943359
64,1,1,34,66.17768096923828,163198.359375,0.504909098148346
64,11,1,40,66.17630767822266,163195.734375,0.5019676089286804
64,12,1,108,66.16923522949219,163175.875,0.5025471448898315
64,14,1,8,66.17938232421875,163203.875,0.5056160688400269
64,15,1,154,66.16581726074219,163166.859375,0.5107963681221008
64,2,1,152,66.17198181152344,163185.171875,0.5061384439468384
64,3,1,55,66.17864990234375,163199.71875,0.4979848861694336
64,4,1,117,66.16722106933594,163171.953125,0.500490665435791
64,6,1,50,66.18016815185547,163202.1875,0.500119149684906
64,7,1,103,66.16921997070312,163177.109375,0.49353960156440735
64,8,1,120,66.17122650146484,163182.90625,0.5045681595802307
64,9,1,204,66.16781616210938,163170.96875,0.5045149326324463
65,0,1,10,66.1727066040039,163185.140625,0.502985954284668
65,1,1,34,66.17034912109375,163179.828125,0.5040616989135742
65,10,1,144,66.16156768798828,163152.890625,0.5031347274780273
65,11,1,40,66.16859436035156,163174.15625,0.501931369304657
65,12,1,108,66.16395568847656,163162.046875,0.5051155090332031
65,14,1,8,66.17259979248047,163184.8125,0.5041640996932983
65,15,1,154,66.1583023071289,163146.46875,0.5132135152816772
65,3,1,55,66.1709213256836,163177.359375,0.4974038302898407
65,4,1,117,66.15960693359375,163151.5625,0.5014516115188599
65,6,1,50,66.17217254638672,163180.84375,0.49800390005111694
65,7,1,103,66.1644058227539,163164.03125,0.49886471033096313
65,9,1,204,66.1646728515625,163162.53125,0.5076239109039307
66,0,1,10,66.16582489013672,163167.078125,0.5022901892662048
66,1,1,34,66.16321563720703,163160.0,0.5016627907752991
66,10,1,144,66.15533447265625,163135.921875,0.5028993487358093
66,11,1,40,66.16263580322266,163158.75,0.5032135248184204
66,14,1,8,66.16586303710938,163166.296875,0.5041505098342896
66,15,1,154,66.15635681152344,163140.453125,0.5079123377799988
66,2,1,152,66.1509780883789,163127.6875,0.504492461681366
66,3,1,55,66.1641616821289,163159.421875,0.4972923994064331
66,5,1,121,66.15216827392578,163131.8125,0.49682196974754333
66,7,1,103,66.1579360961914,163146.0625,0.49832022190093994
66,8,1,120,66.1607894897461,163153.578125,0.49861016869544983
66,9,1,204,66.15048217773438,163122.09375,0.5093087553977966
67,1,1,34,66.15595245361328,163139.546875,0.5026056170463562
67,10,1,144,66.15164947509766,163125.90625,0.5040463805198669
67,11,1,40,66.1554183959961,163138.25,0.5019102692604065
67,14,1,8,66.15811157226562,163146.390625,0.5048952102661133
67,2,1,152,66.1440200805664,163108.734375,0.5035723447799683
67,3,1,55,66.15731048583984,163140.984375,0.4973546266555786
67,4,1,117,66.14581298828125,163114.34375,0.5023796558380127
67,5,1,121,66.14889526367188,163122.03125,0.4973042905330658
67,6,1,50,66.15792846679688,163143.140625,0.4998016953468323
67,7,1,103,66.15279388427734,163132.5625,0.5010513663291931
67,8,1,120,66.14927673339844,163120.71875,0.5006499886512756
67,9,1,204,66.1434326171875,163102.8125,0.5086370706558228
68,1,1,34,66.1485366821289,163119.5,0.5036901235580444
68,10,1,144,66.14120483398438,163096.765625,0.5022878050804138
68,11,1,40,66.1487045288086,163119.234375,0.5037883520126343
68,12,1,108,66.13998413085938,163096.890625,0.4996127784252167
68,13,1,149,66.14009857177734,163097.796875,0.5054956674575806
68,14,1,8,66.15058135986328,163125.6875,0.5048719048500061
68,15,1,154,66.13795471191406,163090.234375,0.5100216865539551
68,2,1,152,66.13636779785156,163088.15625,0.504017174243927
68,3,1,55,66.14967346191406,163120.546875,0.500117301940918
68,4,1,117,66.14236450195312,163103.390625,0.5021377205848694
68,6,1,50,66.1507568359375,163125.125,0.5006488561630249
68,7,1,103,66.14112854003906,163100.390625,0.5009785294532776
69,0,1,10,66.1434097290039,163106.265625,0.5042552947998047
69,1,1,34,66.14178466796875,163100.453125,0.5012668967247009
69,10,1,144,66.13288879394531,163074.796875,0.5056785941123962
69,11,1,40,66.14118194580078,163098.953125,0.5013041496276855
69,12,1,108,66.13554382324219,163085.125,0.5034894943237305
69,13,1,149,66.1328125,163077.6875,0.5055145025253296
69,2,1,152,66.12913513183594,163068.078125,0.507417619228363
69,3,1,55,66.1426773071289,163101.8125,0.4985210597515106
69,6,1,50,66.14378356933594,163103.203125,0.5022146701812744
69,7,1,103,66.13372039794922,163079.6875,0.4970984160900116
69,8,1,120,66.13530731201172,163084.390625,0.5048669576644897
69,9,1,204,66.12849426269531,163062.4375,0.5074154734611511
70,0,1,10,66.13545989990234,163084.40625,0.5033773183822632
70,1,1,34,66.13390350341797,163078.828125,0.503031849861145
70,11,1,40,66.13323211669922,163077.734375,0.5000981092453003
70,12,1,108,66.12794494628906,163063.21875,0.5050479173660278
70,13,1,149,66.12051391601562,163044.984375,0.5055667161941528
70,14,1,8,66.13481903076172,163083.078125,0.5058144927024841
70,2,1,152,66.12438201904297,163054.96875,0.5046586394309998
70,3,1,55,66.13390350341797,163078.328125,0.5017816424369812
70,4,1,117,66.12902069091797,163068.125,0.5055139064788818
70,6,1,50,66.13494110107422,163078.921875,0.5027994513511658
70,7,1,103,66.12725830078125,163063.21875,0.49996668100357056
70,9,1,204,66.12031555175781,163039.921875,0.5079767107963562
71,0,1,10,66.12890625,163066.375,0.5053410530090332
71,1,1,34,66.12728881835938,163061.5,0.5025255084037781
71,12,1,108,66.11819458007812,163037.265625,0.5026236176490784
71,13,1,149,66.11380767822266,163026.671875,0.5100330710411072
71,14,1,8,66.12822723388672,163065.015625,0.5052811503410339
71,15,1,154,66.11875915527344,163038.703125,0.5130998492240906
71,2,1,152,66.11810302734375,163037.859375,0.5060919523239136
71,4,1,117,66.11664581298828,163034.296875,0.5037125945091248
71,6,1,50,66.1297607421875,163065.703125,0.49877211451530457
71,7,1,103,66.11866760253906,163039.140625,0.4985635280609131
71,8,1,120,66.1188735961914,163038.65625,0.4986002743244171
71,9,1,204,66.11344909667969,163021.875,0.5113329887390137
72,0,1,10,66.12007141113281,163042.703125,0.5058051943778992
72,1,1,34,66.11882019042969,163038.359375,0.5002635717391968
72,11,1,40,66.11711120605469,163034.203125,0.5022886395454407
72,12,1,108,66.11024475097656,163015.71875,0.5027697086334229
72,14,1,8,66.12005615234375,163042.546875,0.5068444609642029
72,15,1,154,66.1104736328125,163015.9375,0.5122395157814026
72,3,1,55,66.1185531616211,163035.5625,0.4994334578514099
72,4,1,117,66.1086196899414,163012.34375,0.500751793384552
72,5,1,121,66.11016845703125,163017.296875,0.5013701319694519
72,6,1,50,66.12110900878906,163041.140625,0.5017138123512268
72,8,1,120,66.11022186279297,163015.390625,0.5030781030654907
72,9,1,204,66.10895538330078,163010.15625,0.5097907781600952
73,1,1,34,66.11251068115234,163021.703125,0.5038279294967651
73,10,1,144,66.10331726074219,162993.90625,0.5034436583518982
73,13,1,149,66.10223388671875,162995.09375,0.5061520338058472
73,14,1,8,66.11292266845703,163023.546875,0.5052804350852966
73,15,1,154,66.10338592529297,162997.515625,0.507662296295166
73,2,1,152,66.09904479980469,162985.625,0.5061942338943481
73,3,1,55,66.11241149902344,163018.09375,0.5004312992095947
73,4,1,117,66.1044692993164,163001.453125,0.5000377297401428
73,5,1,121,66.09990692138672,162989.828125,0.4991777837276459
73,6,1,50,66.11436462402344,163022.96875,0.49905872344970703
73,7,1,103,66.1033935546875,162997.4375,0.4971764087677002
73,8,1,120,66.10577392578125,163003.71875,0.5018324851989746
74,0,1,10,66.10587310791016,163004.140625,0.5027366876602173
74,10,1,144,66.09480285644531,162971.796875,0.5043526291847229
74,12,1,108,66.09803771972656,162982.46875,0.5029940605163574
74,13,1,149,66.09390258789062,162973.265625,0.5067849159240723
74,14,1,8,66.10474395751953,163001.703125,0.5041587352752686
74,2,1,152,66.09075164794922,162964.734375,0.5082309246063232
74,3,1,55,66.10440826416016,162998.15625,0.49978870153427124
74,4,1,117,66.09601593017578,162976.640625,0.5027382969856262
74,5,1,121,66.09239959716797,162969.3125,0.49868613481521606
74,6,1,50,66.10607147216797,163000.875,0.4994980990886688
74,7,1,103,66.0982894897461,162983.796875,0.4981377422809601
74,9,1,204,66.09007263183594,162958.59375,0.5086424350738525
75,0,1,10,66.09709167480469,162981.28125,0.5038416385650635
75,1,1,34,66.09689331054688,162980.890625,0.5025838613510132
75,10,1,144,66.0978775024414,162981.625,0.5029852986335754
75,11,1,40,66.095947265625,162979.078125,0.5025895833969116
75,12,1,108,66.09624481201172,162978.953125,0.5018000602722168
75,13,1,149,66.09671783447266,162979.71875,0.5048531293869019
75,14,1,8,66.0966567993164,162980.75,0.5041991472244263
75,15,1,154,66.0977554321289,162981.3125,0.5077488422393799
75,4,1,117,66.09569549560547,162977.890625,0.5019329190254211
75,6,1,50,66.09728240966797,162981.59375,0.5024864673614502
75,8,1,120,66.0964584350586,162979.34375,0.5024411678314209
75,9,1,204,66.09607696533203,162978.21875,0.5057706832885742
76,0,1,10,66.09674072265625,162979.96875,0.5037009119987488
76,1,1,34,66.09666442871094,162979.84375,0.5030416250228882
76,10,1,144,66.09737396240234,162980.25,0.5033120512962341
76,11,1,40,66.09581756591797,162978.0625,0.5027524828910828
76,14,1,8,66.09649658203125,162979.609375,0.5054638981819153
76,15,1,154,66.09757232666016,162980.84375,0.5061079859733582
76,2,1,152,66.09573364257812,162976.890625,0.5044133067131042
76,3,1,55,66.09697723388672,162980.203125,0.5016632080078125
76,4,1,117,66.09552764892578,162976.9375,0.5019785165786743
76,6,1,50,66.09706115722656,162980.390625,0.5020063519477844
76,7,1,103,66.09557342529297,162977.1875,0.5016506314277649
76,8,1,120,66.09617614746094,162978.203125,0.5025733709335327
77,0,1,10,66.09650421142578,162979.078125,0.5040552616119385
77,10,1,144,66.09716796875,162979.28125,0.5037091970443726
77,11,1,40,66.09545135498047,162976.828125,0.5027620196342468
77,13,1,149,66.0958251953125,162976.75,0.5048179626464844
77,14,1,8,66.09623718261719,162978.453125,0.5044339299201965
77,15,1,154,66.09705352783203,162978.640625,0.507629930973053
77,2,1,152,66.09561920166016,162976.203125,0.5051067471504211
77,4,1,117,66.09529876708984,162976.3125,0.5020299553871155
77,5,1,121,66.09569549560547,162976.921875,0.49923986196517944
77,6,1,50,66.0970458984375,162979.8125,0.5027456879615784
77,7,1,103,66.09536743164062,162976.09375,0.5008921027183533
77,8,1,120,66.09606170654297,162977.828125,0.5026971697807312
78,0,1,10,66.09613800048828,162977.703125,0.5042815804481506
78,1,1,34,66.0958023071289,162977.015625,0.5025117993354797
78,11,1,40,66.09519958496094,162976.015625,0.503010630607605
78,12,1,108,66.09492492675781,162974.546875,0.5021246671676636
78,13,1,149,66.09574890136719,162976.640625,0.5047181844711304
78,14,1,8,66.09579467773438,162977.03125,0.5050339698791504
78,15,1,154,66.0969009399414,162978.140625,0.5070925354957581
78,2,1,152,66.09501647949219,162974.296875,0.5046402812004089
78,4,1,117,66.09487915039062,162974.8125,0.5019819736480713
78,5,1,121,66.09481048583984,162974.46875,0.49986591935157776
78,6,1,50,66.09642791748047,162978.03125,0.503206193447113
78,8,1,120,66.09553527832031,162976.109375,0.502596378326416
79,1,1,34,66.09544372558594,162975.59375,0.5029970407485962
79,10,1,144,66.09619140625,162976.6875,0.5032927989959717
79,11,1,40,66.09455108642578,162973.953125,0.5024111866950989
79,12,1,108,66.09494018554688,162974.6875,0.502689778804779
79,14,1,8,66.09528350830078,162975.625,0.5052858591079712
79,15,1,154,66.09617614746094,162976.21875,0.5062897205352783
79,2,1,152,66.09485626220703,162973.796875,0.5048662424087524
79,4,1,117,66.09402465820312,162972.359375,0.5028702020645142
79,6,1,50,66.09578704833984,162976.46875,0.502795398235321
79,7,1,103,66.09451293945312,162973.734375,0.5013062357902527
79,8,1,120,66.09491729736328,162974.28125,0.503223180770874
79,9,1,204,66.09468078613281,162973.421875,0.5058302283287048
80,1,1,34,66.09487915039062,162974.171875,0.5026842355728149
80,13,1,149,66.0946273803711,162972.890625,0.5049996376037598
80,14,1,8,66.09484100341797,162974.359375,0.5050871968269348
80,15,1,154,66.0959701538086,162975.53125,0.5061604380607605
80,2,1,152,66.0943374633789,162972.375,0.504469096660614
80,3,1,55,66.09518432617188,162974.28125,0.5019251108169556
80,4,1,117,66.09368896484375,162971.078125,0.5036158561706543
80,5,1,121,66.09423065185547,162972.515625,0.5001680254936218
80,6,1,50,66.09528350830078,162975.03125,0.5019396543502808
80,7,1,103,66.09408569335938,162972.25,0.5014750361442566
80,8,1,120,66.09455871582031,162973.21875,0.5031895637512207
80,9,1,204,66.09447479248047,162972.828125,0.505066990852356
81,0,1,10,66.09468078613281,162973.265625,0.5036802291870117
81,10,1,144,66.09517669677734,162973.53125,0.5029815435409546
81,11,1,40,66.09329223632812,162970.328125,0.5033020377159119
81,12,1,108,66.09361267089844,162970.734375,0.502677321434021
81,13,1,149,66.09423828125,162971.4375,0.5048316121101379
81,14,1,8,66.09441375732422,162972.859375,0.5048533082008362
81,15,1,154,66.09519958496094,162973.140625,0.506212592124939
81,2,1,152,66.0935287475586,162969.875,0.5052019357681274
81,3,1,55,66.09467315673828,162972.84375,0.5018417835235596
81,4,1,117,66.09349060058594,162970.3125,0.5018782615661621
81,5,1,121,66.09384155273438,162971.109375,0.4997653663158417
81,6,1,50,66.09479522705078,162973.515625,0.502677857875824
82,0,1,10,66.09429931640625,162972.125,0.5034399032592773
82,1,1,34,66.09417724609375,162971.546875,0.5025786757469177
82,13,1,149,66.09400939941406,162970.875,0.5042134523391724
82,14,1,8,66.0939712524414,162971.640625,0.5045412182807922
82,15,1,154,66.09491729736328,162972.4375,0.506315290927887
82,2,1,152,66.0929183959961,162968.171875,0.5047007203102112
82,3,1,55,66.0942153930664,162971.5,0.5027319192886353
82,4,1,117,66.09293365478516,162968.8125,0.5021127462387085
82,5,1,121,66.09329223632812,162969.5625,0.5002467036247253
82,7,1,103,66.09326934814453,162969.71875,0.5013341903686523
82,8,1,120,66.09324645996094,162969.3125,0.5031136870384216
82,9,1,204,66.09351348876953,162969.8125,0.5057262778282166
83,0,1,10,66.09363555908203,162970.328125,0.5040026903152466
83,1,1,34,66.09346771240234,162970.046875,0.502450704574585
83,10,1,144,66.09398651123047,162969.765625,0.5030308365821838
83,11,1,40,66.09236907958984,162967.734375,0.5022991895675659
83,12,1,108,66.09278106689453,162968.3125,0.5026315450668335
83,13,1,149,66.09326934814453,162968.5625,0.5044265389442444
83,15,1,154,66.09398651123047,162969.46875,0.5062827467918396
83,2,1,152,66.09273529052734,162967.6875,0.5047165155410767
83,4,1,117,66.09258270263672,162967.65625,0.5023863315582275
83,5,1,121,66.0926513671875,162967.59375,0.49962225556373596
83,7,1,103,66.09223175048828,162967.0625,0.5020632743835449
83,8,1,120,66.09312438964844,162969.046875,0.5028741359710693
84,0,1,10,66.09286499023438,162968.359375,0.5034940838813782
84,1,1,34,66.09281921386719,162967.9375,0.502478837966919
84,10,1,144,66.09342193603516,162968.015625,0.5035735368728638
84,11,1,40,66.09196472167969,162966.40625,0.5029910802841187
84,12,1,108,66.0920639038086,162965.890625,0.5023540258407593
84,14,1,8,66.09262084960938,162967.6875,0.50515216588974
84,15,1,154,66.09339141845703,162967.5625,0.5069210529327393
84,4,1,117,66.09171295166016,162965.4375,0.5020864009857178
84,5,1,121,66.09246826171875,162967.015625,0.5007920265197754
84,6,1,50,66.09333801269531,162968.828125,0.5035119652748108
84,7,1,103,66.0922622680664,162966.703125,0.5018120408058167
84,9,1,204,66.09183502197266,162965.1875,0.5048283338546753
85,0,1,10,66.0924072265625,162966.71875,0.5040426254272461
85,1,1,34,66.09233093261719,162966.40625,0.5026544332504272
85,11,1,40,66.09124755859375,162964.515625,0.5024850368499756
85,14,1,8,66.09222412109375,162966.40625,0.5050991177558899
85,2,1,152,66.09146881103516,162964.125,0.504858136177063
85,3,1,55,66.09246826171875,162966.578125,0.5024418234825134
85,4,1,117,66.09169006347656,162964.953125,0.5015586018562317
85,5,1,121,66.09112548828125,162963.46875,0.5006563663482666
85,6,1,50,66.09236907958984,162966.765625,0.5025761127471924
85,7,1,103,66.09122467041016,162963.9375,0.5009527802467346
85,8,1,120,66.09166717529297,162965.1875,0.5023042559623718
85,9,1,204,66.09122467041016,162963.625,0.5051002502441406
86,0,1,10,66.09180450439453,162965.171875,0.5033840537071228
86,1,1,34,66.09169006347656,162964.921875,0.5021220445632935
86,10,1,144,66.09215545654297,162964.8125,0.5026915669441223
86,12,1,108,66.09060668945312,162962.015625,0.5022496581077576
86,15,1,154,66.09248352050781,162965.234375,0.5066372156143188
86,2,1,152,66.09080505371094,162962.625,0.5042105317115784
86,4,1,117,66.09024047851562,162961.265625,0.5013026595115662
86,5,1,121,66.09129333496094,162963.78125,0.5002700686454773
86,6,1,50,66.09208679199219,162965.359375,0.5024603605270386
86,7,1,103,66.0907211303711,162962.5,0.5013647079467773
86,8,1,120,66.09125518798828,162963.6875,0.5032479763031006
86,9,1,204,66.09119415283203,162963.453125,0.5054025053977966
87,0,1,10,66.09130859375,162963.578125,0.5034164190292358
87,1,1,34,66.09119415283203,162963.328125,0.5025078058242798
87,10,1,144,66.0918197631836,162963.78125,0.5029116868972778
87,13,1,149,66.09087371826172,162962.28125,0.5042442679405212
87,14,1,8,66.09101867675781,162963.046875,0.5045313835144043
87,15,1,154,66.0920181274414,162964.0625,0.5065034627914429
87,2,1,152,66.09077453613281,162962.140625,0.5041964650154114
87,4,1,117,66.09039306640625,162961.515625,0.5014799237251282
87,5,1,121,66.09001159667969,162960.453125,0.4996855556964874
87,6,1,50,66.09132385253906,162963.421875,0.5024411082267761
87,8,1,120,66.09075164794922,162962.15625,0.5024521946907043
87,9,1,204,66.0900650024414,162960.359375,0.504360020160675
88,1,1,34,66.09077453613281,162962.078125,0.5028676390647888
88,10,1,144,66.09074401855469,162960.640625,0.5033288598060608
88,11,1,40,66.08954620361328,162959.40625,0.5023165941238403
88,12,1,108,66.09008026123047,162960.359375,0.5024248361587524
88,13,1,149,66.09040069580078,162960.578125,0.5044564008712769
88,14,1,8,66.0907211303711,162961.953125,0.5042614340782166
88,15,1,154,66.0914077758789,162962.265625,0.5069637298583984
88,3,1,55,66.09087371826172,162962.1875,0.501834511756897
88,4,1,117,66.08931732177734,162958.53125,0.5016973614692688
88,5,1,121,66.0899658203125,162959.96875,0.49969619512557983
88,8,1,120,66.09019470214844,162960.25,0.5025737881660461
88,9,1,204,66.09011840820312,162960.34375,0.5054229497909546
89,0,1,10,66.09020233154297,162960.59375,0.5036109685897827
89,1,1,34,66.0901107788086,162960.203125,0.5023007988929749
89,11,1,40,66.0892562866211,162958.53125,0.5030866861343384
89,13,1,149,66.08999633789062,162959.65625,0.5040639042854309
89,15,1,154,66.09085845947266,162961.1875,0.5055353045463562
89,3,1,55,66.09029388427734,162960.234375,0.5025199055671692
89,4,1,117,66.08902740478516,162957.625,0.5019364356994629
89,5,1,121,66.08935546875,162958.203125,0.4993974566459656
89,6,1,50,66.09036254882812,162960.671875,0.5024719834327698
89,7,1,103,66.0890884399414,162957.78125,0.5018423795700073
89,8,1,120,66.08978271484375,162959.46875,0.5027780532836914
89,9,1,204,66.08863830566406,162956.171875,0.5043748021125793
90,0,1,10,66.08965301513672,162959.109375,0.5032633543014526
90,1,1,34,66.08966827392578,162959.046875,0.5026440024375916
90,10,1,144,66.09017181396484,162959.203125,0.5033460259437561
90,12,1,108,66.08899688720703,162957.328125,0.5026195049285889
90,14,1,8,66.0894775390625,162958.890625,0.5043596625328064
90,3,1,55,66.08971405029297,162958.921875,0.5021902322769165
90,4,1,117,66.08849334716797,162956.09375,0.5016741752624512
90,5,1,121,66.0889892578125,162957.53125,0.5006212592124939
90,6,1,50,66.08979034423828,162959.046875,0.5018691420555115
90,7,1,103,66.08869934082031,162956.859375,0.5007410049438477
90,8,1,120,66.08880615234375,162956.703125,0.5027869939804077
90,9,1,204,66.08802795410156,162954.515625,0.5046097040176392
91,0,1,10,66.0892562866211,162957.703125,0.5031816959381104
91,1,1,34,66.08900451660156,162957.125,0.5022509098052979
91,11,1,40,66.0882797241211,162955.953125,0.5017737746238708
91,12,1,108,66.08820343017578,162955.140625,0.5019806623458862
91,13,1,149,66.08902740478516,162956.9375,0.5038459897041321
91,14,1,8,66.08908081054688,162957.375,0.5046283006668091
91,2,1,152,66.0882797241211,162955.03125,0.504177451133728
91,3,1,55,66.0892562866211,162957.640625,0.5020126104354858
91,6,1,50,66.08924102783203,162957.640625,0.5029056072235107
91,7,1,103,66.0879135131836,162954.5625,0.5011335611343384
91,8,1,120,66.0882797241211,162955.140625,0.5026447772979736
91,9,1,204,66.08869171142578,162956.1875,0.5047013163566589
92,0,1,10,66.08872985839844,162956.46875,0.5031564831733704
92,1,1,34,66.08863830566406,162956.140625,0.5022993683815002
92,10,1,144,66.08919525146484,162956.546875,0.5029205679893494
92,11,1,40,66.08747100830078,162953.90625,0.5024890899658203
92,13,1,149,66.0878677368164,162953.59375,0.5042118430137634
92,14,1,8,66.08856964111328,162956.296875,0.5045282244682312
92,2,1,152,66.08781433105469,162953.75,0.5032389163970947
92,4,1,117,66.08740997314453,162953.109375,0.5014239549636841
92,5,1,121,66.08811950683594,162954.78125,0.5003126859664917
92,6,1,50,66.0888442993164,162956.234375,0.5024775266647339
92,7,1,103,66.08751678466797,162953.296875,0.5013667941093445
92,8,1,120,66.08831024169922,162955.34375,0.5024811029434204
93,1,1,34,66.08816528320312,162954.765625,0.5025694966316223
93,11,1,40,66.08714294433594,162952.796875,0.5028453469276428
93,12,1,108,66.08687591552734,162951.515625,0.5020397901535034
93,13,1,149,66.08720397949219,162951.96875,0.5046320557594299
93,14,1,8,66.08795166015625,162954.5625,0.5048075914382935
93,15,1,154,66.0888900756836,162955.390625,0.5058634877204895
93,2,1,152,66.08769226074219,162953.546875,0.5038509368896484
93,4,1,117,66.08727264404297,162952.671875,0.5019890069961548
93,6,1,50,66.08844757080078,162955.015625,0.5021265745162964
93,7,1,103,66.08727264404297,162952.765625,0.5018691420555115
93,8,1,120,66.08757781982422,162953.109375,0.502607524394989
93,9,1,204,66.08724975585938,162952.59375,0.5049192309379578
94,0,1,10,66.0876235961914,162953.34375,0.5033533573150635
94,11,1,40,66.08634948730469,162950.609375,0.5030854344367981
94,13,1,149,66.08668518066406,162950.46875,0.5043357014656067
94,14,1,8,66.08751678466797,162953.15625,0.5048060417175293
94,15,1,154,66.0882568359375,162953.78125,0.5062887072563171
94,2,1,152,66.0866470336914,162950.40625,0.5044528245925903
94,3,1,55,66.0875473022461,162952.984375,0.5026792287826538
94,4,1,117,66.08610534667969,162949.46875,0.5019256472587585
94,5,1,121,66.08627319335938,162949.859375,0.4992281198501587
94,6,1,50,66.08778381347656,162953.546875,0.5028638243675232
94,8,1,120,66.08723449707031,162952.0625,0.5024930238723755
94,9,1,204,66.08641815185547,162949.984375,0.5055333375930786
95,0,1,10,66.08712768554688,162951.890625,0.5036063194274902
95,1,1,34,66.08700561523438,162951.578125,0.5025278925895691
95,10,1,144,66.08700561523438,162950.21875,0.5041917562484741
95,11,1,40,66.08550262451172,162948.453125,0.5028792023658752
95,12,1,108,66.08577728271484,162948.34375,0.5025389790534973
95,13,1,149,66.08685302734375,162950.8125,0.503822386264801
95,14,1,8,66.08686828613281,162951.453125,0.5047351717948914
95,15,1,154,66.08760833740234,162951.671875,0.5058997273445129
95,2,1,152,66.08660125732422,162950.21875,0.5042393803596497
95,3,1,55,66.08708953857422,162951.25,0.5024623870849609
95,6,1,50,66.08718872070312,162951.71875,0.503082275390625
95,9,1,204,66.08621978759766,162949.59375,0.5048989653587341
96,0,1,10,66.08665466308594,162950.453125,0.5040139555931091
96,10,1,144,66.08660125732422,162949.015625,0.5044863820075989
96,11,1,40,66.085205078125,162947.453125,0.5033438205718994
96,12,1,108,66.0857925415039,162948.5,0.5025189518928528
96,13,1,149,66.08642578125,162949.640625,0.5040715336799622
96,14,1,8,66.08639526367188,162950.078125,0.5047128796577454
96,15,1,154,66.08739471435547,162951.015625,0.5065076947212219
96,3,1,55,66.08665466308594,162949.921875,0.5021134614944458
96,5,1,121,66.08554077148438,162947.71875,0.4999418258666992
96,6,1,50,66.08670043945312,162950.3125,0.5031560063362122
96,7,1,103,66.08545684814453,162947.625,0.501973032951355
96,8,1,120,66.0861587524414,162949.515625,0.5025767087936401
97,0,1,10,66.08621215820312,162949.09375,0.5035759806632996
97,10,1,144,66.08614349365234,162947.703125,0.5038543939590454
97,11,1,40,66.08528900146484,162947.25,0.5030776858329773
97,12,1,108,66.08545684814453,162947.484375,0.5030330419540405
97,14,1,8,66.0860366821289,162948.875,0.5048617124557495
97,2,1,152,66.08488464355469,162945.53125,0.5046741962432861
97,3,1,55,66.08617401123047,162948.859375,0.5032088160514832
97,4,1,117,66.08492279052734,162946.25,0.5026252269744873
97,5,1,121,66.08556365966797,162947.453125,0.5005057454109192
97,6,1,50,66.08634185791016,162949.40625,0.5024139881134033
97,7,1,103,66.08535766601562,162947.28125,0.5019093155860901
97,9,1,204,66.0843276977539,162944.203125,0.5047202110290527
98,1,1,34,66.08545684814453,162947.078125,0.5022714138031006
98,11,1,40,66.0846939086914,162945.640625,0.5028589963912964
98,12,1,108,66.0845947265625,162945.015625,0.5027888417243958
98,13,1,149,66.08531951904297,162946.578125,0.5037392377853394
98,14,1,8,66.08541107177734,162947.234375,0.5043856501579285
98,15,1,154,66.08627319335938,162947.984375,0.5064418911933899
98,3,1,55,66.08566284179688,162947.234375,0.5026465654373169
98,4,1,117,66.08479309082031,162945.8125,0.5022578835487366
98,5,1,121,66.08453369140625,162944.828125,0.49946141242980957
98,6,1,50,66.08572387695312,162947.6875,0.5031396746635437
98,7,1,103,66.08440399169922,162944.640625,0.5010455846786499
98,8,1,120,66.08477020263672,162945.109375,0.5028956532478333
99,0,1,10,66.08519744873047,162946.296875,0.5033088326454163
99,1,1,34,66.0850830078125,162946.21875,0.5027353763580322
99,10,1,144,66.08543395996094,162946.171875,0.5029919743537903
99,11,1,40,66.08415985107422,162944.1875,0.5029297471046448
99,12,1,108,66.0845718383789,162944.859375,0.5022493600845337
99,13,1,149,66.0849838256836,162945.515625,0.503375768661499
99,15,1,154,66.08580780029297,162946.171875,0.5061571598052979
99,2,1,152,66.08427429199219,162943.875,0.5040398836135864
99,3,1,55,66.08516693115234,162946.078125,0.5024412274360657
99,5,1,121,66.08450317382812,162944.671875,0.5006497502326965
99,6,1,50,66.08544921875,162946.6875,0.5026394724845886
99,9,1,204,66.08454895019531,162944.46875,0.5051766633987427
100,0,1,10,66.08486938476562,162945.265625,0.503275990486145
100,1,1,34,66.08470916748047,162945.0,0.5024471282958984
100,11,1,40,66.08384704589844,162943.234375,0.5027995705604553
100,12,1,108,66.08402252197266,162943.453125,0.5021132826805115
100,14,1,8,66.08456420898438,162944.734375,0.5043091177940369
100,15,1,154,66.08515930175781,162944.40625,0.5062816739082336
100,2,1,152,66.0841293334961,162943.390625,0.5043429136276245
100,3,1,55,66.08488464355469,162944.828125,0.5025061964988708
100,4,1,117,66.08393859863281,162943.140625,0.5027270317077637
100,6,1,50,66.08489990234375,162945.125,0.5025491118431091
100,7,1,103,66.08344268798828,162941.640625,0.5013011693954468
100,8,1,120,66.08436584472656,162943.9375,0.5028233528137207
